customerID,churn_probability,yearly_revenue,expected_loss,Contract,InternetService,PaymentMethod,tenure
1400-MMYXY,0.84,1270.8,1070.69,Month-to-month,Fiber optic,Electronic check,3
8884-ADFVN,0.84,1223.4,1029.45,Month-to-month,Fiber optic,Electronic check,7
4587-VVTOX,0.81,1263.6,1017.94,Month-to-month,Fiber optic,Electronic check,6
6023-YEBUP,0.84,1211.4,1016.57,Month-to-month,Fiber optic,Electronic check,3
6861-XWTWQ,0.85,1191.0,1007.45,Month-to-month,Fiber optic,Electronic check,7
5178-LMXOP,0.87,1141.2,991.37,Month-to-month,Fiber optic,Electronic check,1
3292-PBZEJ,0.74,1336.8,990.52,Month-to-month,Fiber optic,Electronic check,11
2027-FECZV,0.77,1280.4,987.03,Month-to-month,Fiber optic,Electronic check,12
9221-OTIVJ,0.78,1258.2,986.01,Month-to-month,Fiber optic,Electronic check,14
0295-PPHDO,0.85,1145.4,972.2,Month-to-month,Fiber optic,Electronic check,1
9057-SIHCH,0.83,1159.2,967.87,Month-to-month,Fiber optic,Electronic check,3
5052-PNLOS,0.76,1264.2,958.72,Month-to-month,Fiber optic,Bank transfer (automatic),3
8161-QYMTT,0.82,1129.2,930.83,Month-to-month,Fiber optic,Electronic check,7
7181-BQYBV,0.76,1229.4,929.05,Month-to-month,Fiber optic,Electronic check,1
3320-VEOYC,0.81,1147.2,927.36,Month-to-month,Fiber optic,Electronic check,14
6892-XPFPU,0.73,1251.0,917.49,Month-to-month,Fiber optic,Electronic check,24
8245-UMPYT,0.79,1156.8,916.72,Month-to-month,Fiber optic,Electronic check,16
0655-RBDUG,0.76,1176.6,899.46,Month-to-month,Fiber optic,Bank transfer (automatic),7
4927-WWOOZ,0.81,1097.4,883.63,Month-to-month,Fiber optic,Electronic check,2
0871-URUWO,0.71,1227.0,873.61,Month-to-month,Fiber optic,Credit card (automatic),13
2865-TCHJW,0.81,1070.4,871.68,Month-to-month,Fiber optic,Electronic check,4
7029-RPUAV,0.72,1205.4,866.19,Month-to-month,Fiber optic,Credit card (automatic),17
6328-ZPBGN,0.76,1141.8,864.79,Month-to-month,Fiber optic,Bank transfer (automatic),11
0970-ETWGE,0.8,1074.6,863.71,Month-to-month,Fiber optic,Electronic check,1
2034-GDRCN,0.79,1084.8,860.1,Month-to-month,Fiber optic,Electronic check,2
7209-JCUDS,0.75,1138.8,856.56,Month-to-month,Fiber optic,Electronic check,10
3722-WPXTK,0.81,1060.2,854.61,Month-to-month,Fiber optic,Electronic check,1
6857-VWJDT,0.74,1147.8,851.79,Month-to-month,Fiber optic,Mailed check,1
4445-ZJNMU,0.71,1191.6,851.73,Month-to-month,Fiber optic,Credit card (automatic),9
6969-MVBAI,0.79,1081.2,850.39,Month-to-month,Fiber optic,Electronic check,9
5698-BQJOH,0.75,1132.8,847.6,Month-to-month,Fiber optic,Electronic check,9
9611-CTWIH,0.79,1073.4,847.36,Month-to-month,Fiber optic,Electronic check,3
4735-ASGMA,0.72,1180.2,847.09,Month-to-month,Fiber optic,Electronic check,26
4115-NZRKS,0.79,1069.8,846.96,Month-to-month,Fiber optic,Electronic check,7
1069-XAIEM,0.83,1020.6,844.51,Month-to-month,Fiber optic,Electronic check,1
5382-SOYZL,0.74,1141.2,844.0,Month-to-month,Fiber optic,Electronic check,22
2754-SDJRD,0.7,1201.8,842.79,Month-to-month,Fiber optic,Credit card (automatic),8
5419-CONWX,0.7,1197.6,842.54,Month-to-month,Fiber optic,Credit card (automatic),4
3006-XIMLN,0.74,1130.4,841.41,Month-to-month,Fiber optic,Bank transfer (automatic),2
7218-HKQFK,0.74,1130.4,839.9,Month-to-month,Fiber optic,Electronic check,2
3338-CVVEH,0.73,1134.6,832.53,Month-to-month,Fiber optic,Electronic check,12
2545-EBUPK,0.82,1008.6,831.65,Month-to-month,Fiber optic,Electronic check,2
4750-ZRXIU,0.81,1015.2,826.25,Month-to-month,Fiber optic,Electronic check,4
8622-ZLFKO,0.76,1089.0,824.9,Month-to-month,Fiber optic,Electronic check,6
1143-NMNQJ,0.8,1028.4,822.73,Month-to-month,Fiber optic,Electronic check,2
2985-FMWYF,0.73,1122.0,821.69,Month-to-month,Fiber optic,Electronic check,23
6630-UJZMY,0.82,999.0,818.44,Month-to-month,Fiber optic,Electronic check,4
8593-WHYHV,0.8,1023.6,818.35,Month-to-month,Fiber optic,Electronic check,3
6543-XRMYR,0.68,1196.4,817.28,Month-to-month,Fiber optic,Electronic check,30
2025-JKFWI,0.68,1188.0,802.7,Month-to-month,Fiber optic,Mailed check,13
6979-ZNSFF,0.76,1044.6,797.83,Month-to-month,Fiber optic,Electronic check,8
8397-MVTAZ,0.66,1200.6,794.33,Month-to-month,Fiber optic,Electronic check,34
5380-WJKOV,0.62,1276.2,794.16,Month-to-month,Fiber optic,Electronic check,34
8739-XNIKG,0.79,1008.0,793.68,Month-to-month,Fiber optic,Electronic check,5
9279-CJEOJ,0.69,1144.8,792.03,Month-to-month,Fiber optic,Bank transfer (automatic),21
1731-TVIUK,0.71,1122.0,791.51,Month-to-month,Fiber optic,Electronic check,4
6230-BSUXY,0.78,1020.0,791.16,Month-to-month,Fiber optic,Electronic check,1
2439-LYPMQ,0.64,1231.2,787.96,Month-to-month,Fiber optic,Electronic check,38
2665-NPTGL,0.67,1177.2,784.5,Month-to-month,Fiber optic,Bank transfer (automatic),26
7249-WBIYX,0.76,1027.2,783.9,Month-to-month,Fiber optic,Electronic check,10
4817-VYYWS,0.65,1202.4,782.16,Month-to-month,Fiber optic,Electronic check,30
3585-ISXZP,0.67,1147.8,773.58,Month-to-month,Fiber optic,Bank transfer (automatic),8
5167-ZFFMM,0.71,1090.2,771.06,Month-to-month,Fiber optic,Credit card (automatic),1
2202-CUYXZ,0.76,1018.2,768.8,Month-to-month,Fiber optic,Electronic check,1
6899-PPEEA,0.66,1158.6,761.8,Month-to-month,Fiber optic,Electronic check,37
6507-ZJSUR,0.7,1085.4,758.24,Month-to-month,Fiber optic,Electronic check,23
8709-KRDVL,0.63,1200.0,754.2,Month-to-month,Fiber optic,Electronic check,33
0576-WNXXC,0.65,1146.6,745.36,Month-to-month,Fiber optic,Electronic check,27
4686-UXDML,0.62,1198.2,744.61,Month-to-month,Fiber optic,Credit card (automatic),21
1628-BIZYP,0.73,1020.0,743.69,Month-to-month,Fiber optic,Electronic check,1
6137-NICCO,0.66,1128.6,740.38,Month-to-month,Fiber optic,Mailed check,6
9851-KIELU,0.56,1321.2,739.74,Month-to-month,Fiber optic,Electronic check,10
4713-LZDRV,0.77,955.2,736.52,Month-to-month,Fiber optic,Electronic check,2
6712-OAWRH,0.67,1095.0,728.94,Month-to-month,Fiber optic,Electronic check,26
2845-HSJCY,0.69,1047.0,726.99,Month-to-month,Fiber optic,Electronic check,14
9878-TNQGW,0.75,971.4,725.38,Month-to-month,Fiber optic,Electronic check,2
0432-CAJZV,0.67,1088.4,724.61,Month-to-month,Fiber optic,Mailed check,3
5357-TZHPP,0.71,1012.8,723.21,Month-to-month,Fiber optic,Credit card (automatic),9
2514-GINMM,0.76,954.0,721.36,Month-to-month,Fiber optic,Electronic check,1
8266-VBFQL,0.66,1084.8,720.49,Month-to-month,Fiber optic,Electronic check,4
9248-OJYKK,0.79,917.4,720.3,Month-to-month,Fiber optic,Electronic check,1
0023-XUOPT,0.64,1129.2,720.19,Month-to-month,Fiber optic,Electronic check,13
1751-NCDLI,0.61,1186.2,719.89,Month-to-month,Fiber optic,Electronic check,46
6821-BUXUX,0.62,1159.8,718.54,Month-to-month,Fiber optic,Electronic check,13
8258-GSTJK,0.77,924.0,714.01,Month-to-month,Fiber optic,Electronic check,3
2959-MJHIC,0.74,964.2,712.89,Month-to-month,Fiber optic,Electronic check,4
8739-WWKDU,0.66,1074.0,712.73,Month-to-month,Fiber optic,Electronic check,25
4873-ILOLJ,0.66,1084.2,712.08,Month-to-month,Fiber optic,Electronic check,24
2057-ZBLPD,0.68,1038.0,710.73,Month-to-month,Fiber optic,Electronic check,21
1379-FRVEB,0.65,1092.0,708.04,Month-to-month,Fiber optic,Electronic check,15
4706-AXVKM,0.69,1017.6,706.57,Month-to-month,Fiber optic,Credit card (automatic),11
4806-KEXQR,0.74,958.8,706.37,Month-to-month,Fiber optic,Electronic check,4
7005-CCBKV,0.7,1012.8,706.19,Month-to-month,Fiber optic,Electronic check,6
8818-DOPVL,0.56,1253.4,703.8,Month-to-month,Fiber optic,Electronic check,46
7748-UMTRK,0.58,1215.6,701.23,Month-to-month,Fiber optic,Electronic check,30
5339-PXDVH,0.64,1087.8,700.0,Month-to-month,Fiber optic,Electronic check,4
1112-CUNAO,0.65,1078.2,699.64,Month-to-month,Fiber optic,Electronic check,15
5628-FCGYG,0.69,1009.2,698.53,Month-to-month,Fiber optic,Electronic check,21
2609-IAICY,0.75,925.8,698.41,Month-to-month,Fiber optic,Electronic check,1
8752-STIVR,0.73,948.0,695.92,Month-to-month,Fiber optic,Electronic check,4
9692-TUSXH,0.6,1152.6,695.54,Month-to-month,Fiber optic,Electronic check,18
0899-LIIBW,0.57,1210.2,694.38,Month-to-month,Fiber optic,Electronic check,34
4647-MUZON,0.6,1151.4,691.31,Month-to-month,Fiber optic,Credit card (automatic),18
6319-IEJWJ,0.64,1082.4,690.45,Month-to-month,Fiber optic,Electronic check,20
0258-NOKBL,0.64,1084.8,689.17,Month-to-month,Fiber optic,Electronic check,3
1302-UHBDD,0.64,1079.4,687.47,Month-to-month,Fiber optic,Electronic check,20
0952-KMEEH,0.58,1177.8,684.81,Month-to-month,Fiber optic,Mailed check,13
2077-MPJQO,0.76,904.8,684.31,Month-to-month,Fiber optic,Electronic check,7
7817-BOQPW,0.75,906.6,681.77,Month-to-month,Fiber optic,Electronic check,2
3519-ZKXGG,0.75,910.2,681.6,Month-to-month,Fiber optic,Electronic check,3
9334-GWGOW,0.76,898.2,680.44,Month-to-month,Fiber optic,Electronic check,7
6000-APYLU,0.7,969.6,680.2,Month-to-month,Fiber optic,Electronic check,9
9741-YLNTD,0.64,1055.4,680.16,Month-to-month,Fiber optic,Bank transfer (automatic),6
4415-IJZTP,0.76,894.0,679.83,Month-to-month,Fiber optic,Electronic check,1
9054-FOWNV,0.64,1065.0,679.03,Month-to-month,Fiber optic,Electronic check,22
0235-KGSLC,0.66,1026.6,678.84,Month-to-month,Fiber optic,Credit card (automatic),1
8443-ZRDBZ,0.74,912.6,678.18,Month-to-month,Fiber optic,Electronic check,4
1320-HTRDR,0.75,906.0,675.87,Month-to-month,Fiber optic,Electronic check,3
7928-VJYAB,0.62,1087.2,674.65,Month-to-month,Fiber optic,Electronic check,11
7130-VTEWQ,0.74,909.0,673.66,Month-to-month,Fiber optic,Electronic check,8
7363-QTBIW,0.7,957.0,672.98,Month-to-month,Fiber optic,Electronic check,9
8621-MNIHH,0.59,1131.0,672.35,Month-to-month,Fiber optic,Electronic check,34
4090-KPJIP,0.75,899.4,672.1,Month-to-month,Fiber optic,Electronic check,3
7279-BUYWN,0.49,1358.4,669.72,Month-to-month,Fiber optic,Electronic check,41
7861-UVUFT,0.66,1011.6,669.3,Month-to-month,Fiber optic,Electronic check,15
3932-CMDTD,0.53,1267.8,668.25,One year,Fiber optic,Electronic check,4
9050-QLROH,0.61,1088.4,667.98,Month-to-month,Fiber optic,Credit card (automatic),18
8083-YTZES,0.75,892.2,666.59,Month-to-month,Fiber optic,Electronic check,4
4631-OACRM,0.69,952.8,660.81,Month-to-month,Fiber optic,Electronic check,15
4229-CZMLL,0.73,898.8,659.06,Month-to-month,Fiber optic,Electronic check,6
7235-NXZCP,0.73,898.2,657.55,Month-to-month,Fiber optic,Mailed check,2
2867-UIMSS,0.68,966.0,657.4,Month-to-month,Fiber optic,Electronic check,1
7952-OBOYL,0.61,1078.2,656.64,Month-to-month,Fiber optic,Mailed check,3
8938-UMKPI,0.51,1276.8,654.28,Month-to-month,Fiber optic,Electronic check,47
5144-TVGLP,0.58,1137.0,653.99,Month-to-month,Fiber optic,Electronic check,38
5228-EXCET,0.67,970.2,653.28,Month-to-month,Fiber optic,Electronic check,13
3312-UUMZW,0.55,1186.2,650.09,Month-to-month,Fiber optic,Credit card (automatic),32
8775-ERLNB,0.73,891.6,648.08,Month-to-month,Fiber optic,Electronic check,1
0376-YMCJC,0.6,1087.2,647.42,Month-to-month,Fiber optic,Electronic check,23
7354-OIJLX,0.71,910.2,647.39,Month-to-month,Fiber optic,Electronic check,9
7180-PISOG,0.72,894.0,647.23,Month-to-month,Fiber optic,Electronic check,1
3030-YDNRM,0.72,898.2,647.08,Month-to-month,Fiber optic,Electronic check,8
3908-BLSYF,0.64,1006.8,647.02,Month-to-month,Fiber optic,Electronic check,6
6372-RFVNS,0.68,945.6,646.77,Month-to-month,Fiber optic,Electronic check,1
8059-UDZFY,0.51,1264.2,646.55,Month-to-month,Fiber optic,Bank transfer (automatic),33
8361-LTMKD,0.72,892.8,646.49,Month-to-month,Fiber optic,Mailed check,4
9507-EXLTT,0.68,952.2,646.38,Month-to-month,Fiber optic,Bank transfer (automatic),1
4283-FUTGF,0.67,958.2,645.87,Month-to-month,Fiber optic,Electronic check,19
2737-YNGYW,0.67,966.6,645.56,Month-to-month,Fiber optic,Electronic check,2
3199-XGZCY,0.71,903.0,645.16,Month-to-month,Fiber optic,Electronic check,8
8132-YPVBX,0.63,1031.4,645.07,Month-to-month,Fiber optic,Mailed check,6
2860-RANUS,0.63,1029.6,644.33,Month-to-month,Fiber optic,Credit card (automatic),20
2254-DLXRI,0.68,949.8,644.21,Month-to-month,Fiber optic,Mailed check,1
8393-DLHGA,0.56,1150.8,643.89,Month-to-month,Fiber optic,Electronic check,25
7198-GLXTC,0.68,948.0,642.19,Month-to-month,Fiber optic,Electronic check,2
7181-OQCUT,0.51,1246.2,640.92,Month-to-month,Fiber optic,Mailed check,21
0923-PNFUB,0.63,1005.0,637.85,Month-to-month,Fiber optic,Electronic check,3
9685-WKZGT,0.71,899.4,637.59,Month-to-month,Fiber optic,Electronic check,14
4658-HCOHW,0.52,1233.6,636.04,Month-to-month,Fiber optic,Electronic check,21
9866-QEVEE,0.62,1032.0,635.52,Month-to-month,Fiber optic,Bank transfer (automatic),19
0524-IAVZO,0.62,1020.0,634.97,Month-to-month,Fiber optic,Electronic check,30
3707-GNWHM,0.71,891.0,634.3,Month-to-month,Fiber optic,Mailed check,1
8541-QVFKM,0.72,882.0,634.05,Month-to-month,Fiber optic,Electronic check,8
1236-WFCDV,0.58,1085.4,630.87,Month-to-month,Fiber optic,Credit card (automatic),14
8699-ASUFO,0.7,892.8,628.64,Month-to-month,Fiber optic,Mailed check,7
6856-RAURS,0.7,898.8,627.68,Month-to-month,Fiber optic,Mailed check,2
6661-HBGWL,0.5,1257.0,626.62,Month-to-month,Fiber optic,Bank transfer (automatic),42
1894-IGFSG,0.58,1071.0,625.73,Month-to-month,Fiber optic,Electronic check,22
3672-YITQD,0.62,1009.2,623.58,Month-to-month,Fiber optic,Electronic check,36
5159-YFPKQ,0.69,909.6,623.37,Month-to-month,Fiber optic,Electronic check,2
2761-OCIAX,0.69,896.4,622.89,Month-to-month,Fiber optic,Electronic check,2
6376-GAHQE,0.67,934.2,622.33,Month-to-month,Fiber optic,Electronic check,4
8821-XNHVZ,0.65,960.6,621.81,Month-to-month,Fiber optic,Mailed check,1
7056-IMHCC,0.51,1222.8,621.71,Month-to-month,Fiber optic,Electronic check,53
1980-KXVPM,0.69,900.6,621.35,Month-to-month,Fiber optic,Credit card (automatic),3
4919-IKATY,0.61,1014.0,616.82,Month-to-month,Fiber optic,Electronic check,5
2800-QQUSO,0.51,1203.6,616.51,Month-to-month,Fiber optic,Electronic check,42
6481-ESCNL,0.51,1206.6,615.43,Month-to-month,Fiber optic,Bank transfer (automatic),29
3365-SAIGS,0.61,1002.6,614.84,Month-to-month,Fiber optic,Electronic check,17
0082-OQIQY,0.54,1130.4,610.5,Month-to-month,Fiber optic,Electronic check,29
9840-DVNDC,0.63,966.0,608.58,Month-to-month,Fiber optic,Credit card (automatic),6
1448-PWKYE,0.63,960.0,608.15,Month-to-month,Fiber optic,Electronic check,1
4342-HENTK,0.72,847.8,606.64,Month-to-month,Fiber optic,Electronic check,2
3587-PMCOY,0.51,1186.8,605.79,One year,Fiber optic,Electronic check,10
7495-OOKFY,0.63,967.8,605.35,Month-to-month,Fiber optic,Credit card (automatic),8
8375-DKEBR,0.72,835.2,605.31,Month-to-month,Fiber optic,Electronic check,1
0004-TLHLJ,0.68,886.8,604.43,Month-to-month,Fiber optic,Electronic check,4
4301-VVZKA,0.67,904.8,604.17,Month-to-month,Fiber optic,Electronic check,16
0581-MDMPW,0.57,1067.4,603.77,Month-to-month,Fiber optic,Credit card (automatic),24
1522-VVDMG,0.56,1077.0,603.46,Month-to-month,Fiber optic,Electronic check,7
5196-SGOAK,0.66,908.4,602.57,Month-to-month,Fiber optic,Electronic check,1
3331-HQDTW,0.46,1317.6,601.04,Month-to-month,Fiber optic,Mailed check,34
9167-APMXZ,0.59,1009.8,597.77,Month-to-month,Fiber optic,Bank transfer (automatic),22
8873-GLDMH,0.67,886.2,596.43,Month-to-month,Fiber optic,Mailed check,6
5129-JLPIS,0.47,1266.0,595.59,Month-to-month,Fiber optic,Electronic check,25
2587-EKXTS,0.44,1338.0,595.36,Month-to-month,Fiber optic,Electronic check,44
6284-AHOOQ,0.55,1086.0,592.04,Month-to-month,Fiber optic,Bank transfer (automatic),22
1475-VWVDO,0.66,898.8,590.66,Month-to-month,Fiber optic,Electronic check,7
9979-RGMZT,0.52,1128.6,590.61,One year,Fiber optic,Mailed check,7
1965-DDBWU,0.55,1068.6,590.45,Month-to-month,Fiber optic,Credit card (automatic),16
9420-LOJKX,0.5,1189.2,589.42,Month-to-month,Fiber optic,Credit card (automatic),15
9927-DSWDF,0.47,1255.2,588.79,Month-to-month,Fiber optic,Electronic check,22
0963-ZBDRN,0.51,1154.4,588.13,Month-to-month,Fiber optic,Electronic check,32
9804-ICWBG,0.7,838.8,587.31,Month-to-month,Fiber optic,Electronic check,1
5542-TBBWB,0.7,838.8,587.31,Month-to-month,Fiber optic,Electronic check,1
5376-DEQCP,0.69,847.2,587.26,Month-to-month,Fiber optic,Electronic check,1
3244-DCJWY,0.69,843.0,585.13,Month-to-month,Fiber optic,Electronic check,1
1820-TQVEV,0.7,834.6,585.13,Month-to-month,Fiber optic,Electronic check,1
1867-BDVFH,0.65,892.2,584.09,Month-to-month,Fiber optic,Electronic check,11
9717-QEBGU,0.69,843.6,583.96,Month-to-month,Fiber optic,Electronic check,2
6651-AZVTJ,0.49,1197.6,583.57,Month-to-month,Fiber optic,Electronic check,49
3721-CNEYS,0.69,851.4,583.43,Month-to-month,Fiber optic,Electronic check,2
7278-CKDNC,0.6,966.0,583.23,Month-to-month,Fiber optic,Electronic check,24
3716-BDVDB,0.7,829.2,582.31,Month-to-month,Fiber optic,Electronic check,1
7534-BFESC,0.63,913.2,578.95,Month-to-month,Fiber optic,Electronic check,24
9508-ILZDG,0.5,1156.2,577.78,Month-to-month,Fiber optic,Electronic check,34
2754-XBHTB,0.62,931.8,577.56,Month-to-month,Fiber optic,Bank transfer (automatic),9
7912-SYRQT,0.64,901.2,575.97,Month-to-month,Fiber optic,Bank transfer (automatic),7
4412-YLTKF,0.61,936.6,574.87,Month-to-month,Fiber optic,Electronic check,27
6077-BDPXA,0.68,841.8,572.71,Month-to-month,Fiber optic,Electronic check,3
7409-KIUTL,0.67,852.0,572.32,Month-to-month,Fiber optic,Electronic check,1
4947-DSMXK,0.49,1172.4,571.75,Month-to-month,Fiber optic,Bank transfer (automatic),34
5828-AVIPD,0.47,1211.4,571.73,One year,Fiber optic,Electronic check,19
2187-PKZAY,0.6,959.4,571.39,Month-to-month,Fiber optic,Bank transfer (automatic),12
1016-DJTSV,0.68,836.4,570.38,Month-to-month,Fiber optic,Electronic check,8
8212-DJRCH,0.53,1084.2,570.3,Month-to-month,Fiber optic,Mailed check,5
1833-TCXKK,0.44,1293.0,569.93,Month-to-month,Fiber optic,Bank transfer (automatic),45
8714-EUHJO,0.52,1093.8,569.59,Month-to-month,Fiber optic,Electronic check,31
3750-CKVKH,0.7,813.0,568.22,Month-to-month,Fiber optic,Electronic check,2
9512-UIBFX,0.5,1141.8,567.86,Month-to-month,Fiber optic,Mailed check,18
8378-LKJAF,0.47,1213.8,566.82,Month-to-month,Fiber optic,Credit card (automatic),38
0679-IDSTG,0.68,831.0,565.71,Month-to-month,Fiber optic,Electronic check,1
0390-DCFDQ,0.67,845.4,564.72,Month-to-month,Fiber optic,Mailed check,1
8914-RBTSB,0.5,1125.6,564.54,Month-to-month,Fiber optic,Electronic check,31
0876-WDUUZ,0.55,1024.8,564.13,Month-to-month,Fiber optic,Credit card (automatic),5
3197-ARFOY,0.45,1260.0,563.47,Month-to-month,Fiber optic,Mailed check,19
6047-YHPVI,0.67,836.4,562.57,Month-to-month,Fiber optic,Electronic check,5
2227-JRSJX,0.47,1189.8,559.92,Month-to-month,Fiber optic,Bank transfer (automatic),21
1989-PRJHP,0.62,906.0,559.31,Month-to-month,Fiber optic,Electronic check,27
6175-IRFIT,0.59,945.0,558.79,Month-to-month,Fiber optic,Mailed check,5
9710-ZUSHQ,0.44,1281.0,558.35,Month-to-month,Fiber optic,Bank transfer (automatic),37
5281-BUZGT,0.51,1090.2,557.98,Month-to-month,Fiber optic,Electronic check,36
6910-HADCM,0.61,916.2,557.48,Month-to-month,Fiber optic,Electronic check,1
5226-NOZFC,0.54,1029.0,556.66,Month-to-month,Fiber optic,Electronic check,26
1902-XBTFB,0.52,1072.8,556.6,Month-to-month,Fiber optic,Electronic check,22
3422-LYEPQ,0.65,852.0,553.84,Month-to-month,Fiber optic,Electronic check,1
8380-PEFPE,0.64,859.8,553.51,Month-to-month,Fiber optic,Electronic check,1
8676-TRMJS,0.61,900.0,553.14,Month-to-month,Fiber optic,Mailed check,3
9940-RHLFB,0.61,903.6,552.62,Month-to-month,Fiber optic,Electronic check,1
9278-VZKCD,0.42,1309.2,551.79,Month-to-month,Fiber optic,Electronic check,52
3858-VOBET,0.61,899.4,550.39,Month-to-month,Fiber optic,Electronic check,23
1853-UDXBW,0.65,840.0,548.41,Month-to-month,Fiber optic,Electronic check,1
4154-AQUGT,0.51,1068.6,547.85,Month-to-month,Fiber optic,Bank transfer (automatic),13
8849-AYPTR,0.5,1095.0,547.53,Month-to-month,Fiber optic,Electronic check,33
0682-USIXD,0.53,1032.6,545.98,Month-to-month,Fiber optic,Electronic check,21
0506-LVNGN,0.6,906.6,542.86,Month-to-month,Fiber optic,Credit card (automatic),5
4818-QIUFN,0.57,949.8,542.77,Month-to-month,Fiber optic,Electronic check,20
5186-SAMNZ,0.65,834.0,541.07,Month-to-month,Fiber optic,Bank transfer (automatic),1
0685-MLYYM,0.64,849.0,539.94,Month-to-month,Fiber optic,Electronic check,2
0388-EOPEX,0.6,892.8,539.82,Month-to-month,Fiber optic,Electronic check,2
1658-TJVOA,0.6,889.2,536.44,Month-to-month,Fiber optic,Electronic check,6
1035-IPQPU,0.43,1242.0,535.68,Month-to-month,Fiber optic,Electronic check,63
2482-CZGBB,0.63,840.0,533.26,Month-to-month,Fiber optic,Electronic check,10
1452-KIOVK,0.5,1069.2,530.11,Month-to-month,Fiber optic,Credit card (automatic),22
2325-NBPZG,0.59,894.6,529.3,Month-to-month,Fiber optic,Electronic check,3
1092-GANHU,0.58,919.8,528.93,Month-to-month,Fiber optic,Electronic check,17
9779-DPNEJ,0.55,961.8,528.48,Month-to-month,Fiber optic,Electronic check,22
5889-JTMUL,0.46,1140.6,527.57,Month-to-month,Fiber optic,Electronic check,50
9944-AEXBM,0.51,1027.8,527.18,Month-to-month,Fiber optic,Bank transfer (automatic),32
6377-WHAOX,0.41,1273.8,525.9,Month-to-month,Fiber optic,Electronic check,60
4029-HPFVY,0.62,843.6,525.09,Month-to-month,Fiber optic,Mailed check,3
6680-WKXRZ,0.59,892.8,523.2,Month-to-month,Fiber optic,Bank transfer (automatic),3
7571-YXDAD,0.58,898.8,522.96,Month-to-month,Fiber optic,Credit card (automatic),2
5373-SFODM,0.51,1023.0,522.38,Month-to-month,Fiber optic,Credit card (automatic),36
4983-CCWMC,0.62,835.2,521.56,Month-to-month,Fiber optic,Mailed check,3
7410-YTJIK,0.58,905.4,521.45,Month-to-month,Fiber optic,Mailed check,7
0581-BXBUB,0.6,873.0,521.44,Month-to-month,Fiber optic,Electronic check,4
6705-LXORM,0.62,840.6,520.89,Month-to-month,Fiber optic,Electronic check,5
3524-WQDSG,0.44,1191.6,520.73,Month-to-month,Fiber optic,Bank transfer (automatic),43
5331-RGMTT,0.44,1188.6,519.44,Month-to-month,Fiber optic,Credit card (automatic),54
9465-RWMXL,0.55,946.8,518.86,Month-to-month,Fiber optic,Electronic check,32
3374-LXDEV,0.48,1072.8,516.2,Month-to-month,Fiber optic,Electronic check,13
4248-QPAVC,0.5,1024.2,514.31,Month-to-month,Fiber optic,Bank transfer (automatic),17
5760-FXFVO,0.54,947.4,513.66,Month-to-month,Fiber optic,Electronic check,6
2203-GHNWN,0.54,955.8,511.81,Month-to-month,Fiber optic,Mailed check,24
9576-SYUHJ,0.47,1093.8,511.45,Month-to-month,Fiber optic,Electronic check,37
5442-BHQNG,0.6,844.2,509.9,Month-to-month,Fiber optic,Electronic check,2
4329-YPDDQ,0.39,1298.4,507.91,Month-to-month,Fiber optic,Bank transfer (automatic),20
3966-HRMZA,0.56,900.6,507.28,Month-to-month,Fiber optic,Mailed check,3
4547-LYTDD,0.58,871.8,506.1,Month-to-month,Fiber optic,Electronic check,16
1077-HUUJM,0.59,852.6,506.1,Month-to-month,Fiber optic,Electronic check,7
4360-PNRQB,0.56,907.2,505.66,Month-to-month,Fiber optic,Bank transfer (automatic),18
1319-YLZJG,0.5,1015.2,503.3,Month-to-month,Fiber optic,Electronic check,12
2919-HBCJO,0.55,919.8,503.06,Month-to-month,Fiber optic,Bank transfer (automatic),4
5461-QKNTN,0.44,1131.6,502.23,Month-to-month,Fiber optic,Electronic check,43
4619-EVPHY,0.46,1092.0,501.93,One year,Fiber optic,Bank transfer (automatic),20
5016-IBERQ,0.5,1011.0,501.26,Month-to-month,Fiber optic,Electronic check,23
8785-CJSHH,0.42,1197.6,499.76,Month-to-month,Fiber optic,Electronic check,60
9450-TRJUU,0.5,997.8,499.24,Month-to-month,Fiber optic,Electronic check,35
5650-YLIBA,0.51,973.8,497.56,Month-to-month,Fiber optic,Electronic check,31
3312-ZWLGF,0.52,951.6,496.84,Month-to-month,Fiber optic,Electronic check,29
9576-ANLXO,0.59,834.6,496.17,Month-to-month,Fiber optic,Bank transfer (automatic),3
9643-AVVWI,0.52,960.0,496.06,Month-to-month,Fiber optic,Electronic check,3
7018-WBJNK,0.52,939.6,492.39,Month-to-month,Fiber optic,Credit card (automatic),13
0330-IVZHA,0.59,839.4,492.13,Month-to-month,Fiber optic,Electronic check,5
0958-YHXGP,0.59,838.8,492.02,Month-to-month,Fiber optic,Mailed check,7
4840-ORQXB,0.39,1257.0,490.55,Month-to-month,Fiber optic,Electronic check,56
2955-BJZHG,0.5,970.2,488.49,Month-to-month,Fiber optic,Electronic check,17
5606-AMZBO,0.52,937.8,488.04,Month-to-month,Fiber optic,Credit card (automatic),10
2277-DJJDL,0.41,1188.0,487.49,Month-to-month,Fiber optic,Electronic check,60
8778-LMWTJ,0.54,898.2,487.45,Month-to-month,Fiber optic,Electronic check,9
4846-WHAFZ,0.53,918.0,485.35,Month-to-month,Fiber optic,Electronic check,37
2694-CIUMO,0.51,954.6,484.96,Month-to-month,Fiber optic,Credit card (automatic),12
3540-RZJYU,0.47,1034.4,484.61,Month-to-month,Fiber optic,Electronic check,15
0256-LTHVJ,0.5,972.6,484.23,Month-to-month,Fiber optic,Electronic check,28
2432-TFSMK,0.45,1075.2,480.7,One year,Fiber optic,Credit card (automatic),18
7603-USHJS,0.54,885.0,480.26,Month-to-month,Fiber optic,Credit card (automatic),12
8696-JKZNU,0.52,915.0,480.03,Month-to-month,Fiber optic,Electronic check,37
9283-LZQOH,0.54,892.8,479.78,Month-to-month,Fiber optic,Credit card (automatic),13
2971-SGAFL,0.5,945.0,477.02,Month-to-month,DSL,Electronic check,13
5609-IMCGG,0.47,1012.2,476.41,Month-to-month,Fiber optic,Credit card (automatic),15
3466-RITXD,0.43,1108.8,476.32,Month-to-month,Fiber optic,Credit card (automatic),26
0363-QJVFX,0.37,1297.8,475.04,Month-to-month,Fiber optic,Credit card (automatic),32
2911-WDXMV,0.49,966.6,471.54,Month-to-month,Fiber optic,Credit card (automatic),18
6946-LMSQS,0.44,1068.6,470.39,One year,Fiber optic,Electronic check,25
6034-YMTOB,0.52,907.8,468.99,Month-to-month,Fiber optic,Mailed check,5
2604-IJPDU,0.4,1158.6,468.86,Month-to-month,Fiber optic,Electronic check,20
7460-ITWWP,0.45,1033.2,467.57,Month-to-month,Fiber optic,Electronic check,45
8058-DMYRU,0.43,1080.6,466.74,Month-to-month,Fiber optic,Electronic check,54
1346-UFHAX,0.49,960.0,465.92,Month-to-month,Fiber optic,Credit card (automatic),13
0265-PSUAE,0.38,1208.4,464.57,Month-to-month,Fiber optic,Bank transfer (automatic),16
9747-DDZOS,0.52,882.0,462.17,Month-to-month,Fiber optic,Bank transfer (automatic),1
3717-OEAUQ,0.54,848.4,458.97,Month-to-month,Fiber optic,Mailed check,2
5022-JNQEQ,0.5,910.2,454.22,Month-to-month,Fiber optic,Electronic check,9
7277-OZCGZ,0.42,1068.6,453.75,Month-to-month,Fiber optic,Electronic check,22
2501-XWWTZ,0.54,842.4,453.69,Month-to-month,Fiber optic,Electronic check,11
3877-JRJIP,0.63,718.2,453.16,Month-to-month,DSL,Electronic check,1
6729-GDNGC,0.47,968.4,452.58,Month-to-month,Fiber optic,Bank transfer (automatic),20
4660-IRIBM,0.43,1054.8,451.41,Month-to-month,Fiber optic,Mailed check,18
7855-DIWPO,0.55,823.8,450.14,Month-to-month,Fiber optic,Electronic check,21
8160-HOWOX,0.56,802.2,449.73,Month-to-month,DSL,Electronic check,7
6331-LWDTQ,0.52,865.8,447.83,Month-to-month,DSL,Credit card (automatic),10
6557-BZXLQ,0.53,835.8,446.87,Month-to-month,Fiber optic,Electronic check,16
5651-YLPRD,0.43,1033.2,445.84,Month-to-month,Fiber optic,Electronic check,32
7529-ZDFXI,0.41,1078.2,445.71,Month-to-month,Fiber optic,Electronic check,57
0730-KOAVE,0.39,1131.6,443.98,Month-to-month,Fiber optic,Credit card (automatic),30
6710-HSJRD,0.32,1369.2,443.35,Month-to-month,Fiber optic,Electronic check,61
4760-THGOT,0.39,1129.2,442.19,Month-to-month,Fiber optic,Electronic check,43
3094-JOJAI,0.5,889.8,442.12,Month-to-month,Fiber optic,Mailed check,18
4993-JCRGJ,0.44,1011.6,442.11,Month-to-month,Fiber optic,Mailed check,26
7503-QQRVF,0.49,891.6,438.34,Month-to-month,Fiber optic,Credit card (automatic),16
9048-JVYVF,0.52,832.2,434.89,Month-to-month,DSL,Electronic check,3
6711-VTNRE,0.41,1050.6,433.8,Month-to-month,Fiber optic,Electronic check,36
2041-JIJCI,0.56,768.0,432.98,Month-to-month,DSL,Electronic check,5
4526-ZJJTM,0.41,1060.8,430.07,Month-to-month,Fiber optic,Bank transfer (automatic),25
4829-AUOAX,0.37,1152.6,429.87,Month-to-month,Fiber optic,Bank transfer (automatic),46
4512-ZUIYL,0.51,840.0,429.74,Month-to-month,Fiber optic,Bank transfer (automatic),2
6166-ILMNY,0.51,837.0,428.85,Month-to-month,Fiber optic,Bank transfer (automatic),2
6845-RGTYS,0.36,1185.0,428.43,Month-to-month,Fiber optic,Electronic check,47
5419-KLXBN,0.4,1069.8,428.14,Month-to-month,Fiber optic,Bank transfer (automatic),25
1956-YIFGE,0.35,1200.6,425.09,One year,Fiber optic,Mailed check,22
0422-UXFAP,0.36,1186.2,424.95,One year,Fiber optic,Electronic check,51
3569-EDBPQ,0.42,1012.2,424.49,Month-to-month,Fiber optic,Electronic check,24
0310-MVLET,0.36,1189.8,423.46,Month-to-month,Fiber optic,Electronic check,61
2139-FQHLM,0.39,1079.4,421.88,Month-to-month,Fiber optic,Mailed check,19
9369-XFEHK,0.44,967.2,421.3,Month-to-month,Fiber optic,Bank transfer (automatic),33
5213-TWWJU,0.38,1092.0,419.37,Month-to-month,Fiber optic,Electronic check,28
2960-NKRSO,0.4,1031.4,415.8,Month-to-month,Fiber optic,Electronic check,24
0410-IPFTY,0.41,1006.2,413.44,Month-to-month,Fiber optic,Bank transfer (automatic),31
6080-TCMYC,0.42,974.4,407.11,Month-to-month,Fiber optic,Electronic check,40
6022-UGGSO,0.46,892.8,406.95,Month-to-month,Fiber optic,Electronic check,32
9822-WMWVG,0.32,1278.0,405.65,Month-to-month,Fiber optic,Electronic check,41
1357-BIJKI,0.34,1179.0,403.7,One year,Fiber optic,Electronic check,50
3627-FHKBK,0.45,903.6,403.55,Month-to-month,Fiber optic,Mailed check,1
2452-KDRRH,0.33,1216.8,396.67,Month-to-month,Fiber optic,Credit card (automatic),67
5301-GAUUY,0.41,964.2,396.46,Month-to-month,Fiber optic,Bank transfer (automatic),32
2178-PMGCJ,0.47,836.4,394.59,Month-to-month,Fiber optic,Mailed check,22
9079-YEXQJ,0.29,1333.2,391.49,Month-to-month,Fiber optic,Electronic check,54
9286-DOJGF,0.43,899.4,387.45,Month-to-month,Fiber optic,Bank transfer (automatic),38
0599-XNYDO,0.46,837.6,386.17,Month-to-month,Fiber optic,Bank transfer (automatic),20
0365-GXEZS,0.41,938.4,383.25,Month-to-month,Fiber optic,Electronic check,18
6825-UYPFK,0.42,907.2,381.55,Month-to-month,Fiber optic,Bank transfer (automatic),23
6173-GOLSU,0.34,1135.8,381.0,Month-to-month,Fiber optic,Credit card (automatic),67
8988-ECPJR,0.4,955.2,380.62,Month-to-month,Fiber optic,Mailed check,34
8840-DQLGN,0.32,1206.0,380.15,Month-to-month,Fiber optic,Bank transfer (automatic),35
4983-CLMLV,0.31,1232.4,379.51,Month-to-month,Fiber optic,Credit card (automatic),52
0327-WFZSY,0.31,1200.0,377.44,One year,Fiber optic,Electronic check,39
2495-INZWQ,0.7,534.6,376.32,Month-to-month,DSL,Electronic check,4
2070-FNEXE,0.4,917.4,371.23,Month-to-month,Fiber optic,Bank transfer (automatic),7
6234-PFPXL,0.32,1150.8,370.73,Month-to-month,Fiber optic,Credit card (automatic),22
3207-OYBWH,0.32,1143.0,370.03,Month-to-month,Fiber optic,Bank transfer (automatic),57
7251-LJBQN,0.3,1245.0,369.01,One year,Fiber optic,Credit card (automatic),40
6874-SGLHU,0.32,1164.0,367.86,One year,Fiber optic,Bank transfer (automatic),30
5501-TVMGM,0.55,663.0,365.41,Month-to-month,DSL,Electronic check,1
1436-ZMJAN,0.45,813.6,364.26,Month-to-month,DSL,Credit card (automatic),10
9812-GHVRI,0.36,1006.2,362.34,Month-to-month,Fiber optic,Bank transfer (automatic),40
3063-QFSZL,0.54,664.8,362.07,Month-to-month,DSL,Electronic check,1
1169-WCVAK,0.34,1065.6,360.51,Month-to-month,Fiber optic,Credit card (automatic),19
1174-FGIFN,0.33,1085.4,359.44,One year,Fiber optic,Electronic check,28
2988-PLAHS,0.43,839.4,358.74,One year,DSL,Electronic check,3
6646-QVXLR,0.29,1245.0,356.95,One year,Fiber optic,Electronic check,62
7504-UWHNB,0.43,837.0,356.82,Month-to-month,Fiber optic,Electronic check,25
8033-VCZGH,0.29,1247.4,355.69,One year,Fiber optic,Electronic check,50
9389-ACWBI,0.42,839.4,355.2,Month-to-month,Fiber optic,Credit card (automatic),5
0531-ZZJWQ,0.4,888.0,352.67,Month-to-month,Fiber optic,Electronic check,55
3325-FUYCG,0.28,1273.2,352.64,One year,Fiber optic,Electronic check,28
4724-WXVWF,0.31,1144.8,350.34,Month-to-month,Fiber optic,Electronic check,48
0486-HECZI,0.3,1161.0,349.8,Month-to-month,Fiber optic,Electronic check,55
3780-YVMFA,0.42,822.6,349.54,Month-to-month,DSL,Electronic check,8
1587-FKLZB,0.29,1194.0,348.73,Month-to-month,Fiber optic,Credit card (automatic),66
2386-OWURY,0.3,1143.6,348.62,Month-to-month,Fiber optic,Electronic check,58
0988-JRWWP,0.53,650.4,346.04,Month-to-month,DSL,Electronic check,3
2782-LFZVW,0.48,707.4,339.36,Month-to-month,DSL,Mailed check,11
0431-APWVY,0.31,1081.2,338.16,One year,Fiber optic,Bank transfer (automatic),28
3567-PQTSO,0.27,1263.0,336.81,One year,Fiber optic,Electronic check,53
1370-GGAWX,0.3,1129.8,336.61,One year,Fiber optic,Electronic check,46
7273-TEFQD,0.68,493.8,334.25,Month-to-month,DSL,Electronic check,3
6429-SHBCB,0.4,835.2,333.03,Month-to-month,DSL,Mailed check,19
5934-TSSAU,0.37,903.6,332.66,Month-to-month,Fiber optic,Credit card (automatic),23
3018-TFTSU,0.34,980.4,331.8,Month-to-month,Fiber optic,Bank transfer (automatic),12
7067-KSAZT,0.26,1275.0,326.89,One year,Fiber optic,Electronic check,65
5575-TPIZQ,0.31,1069.8,326.5,Month-to-month,Fiber optic,Credit card (automatic),46
6664-FPDAC,0.24,1343.4,325.91,One year,Fiber optic,Electronic check,56
4581-LNWUM,0.55,589.8,322.53,Month-to-month,DSL,Electronic check,13
1550-LOAHA,0.32,1009.8,321.78,Month-to-month,Fiber optic,Bank transfer (automatic),32
8903-XEBGX,0.48,663.6,321.41,Month-to-month,DSL,Electronic check,2
7470-MCQTK,0.55,585.0,321.0,Month-to-month,DSL,Bank transfer (automatic),13
1217-VASWC,0.27,1206.6,319.8,One year,Fiber optic,Bank transfer (automatic),43
0749-IRGQE,0.58,543.6,316.96,Month-to-month,DSL,Electronic check,13
9112-WSNPU,0.37,846.6,316.23,Month-to-month,Fiber optic,Electronic check,35
9842-EFSYY,0.46,686.4,313.95,Month-to-month,DSL,Mailed check,4
2386-LAHRK,0.49,642.0,312.78,Month-to-month,DSL,Mailed check,1
2101-RANCD,0.36,877.2,312.69,Month-to-month,Fiber optic,Electronic check,55
9819-FBNSV,0.36,867.0,311.9,Month-to-month,Fiber optic,Bank transfer (automatic),37
7404-JLKQG,0.45,690.6,308.15,Month-to-month,DSL,Electronic check,3
1100-DDVRV,0.51,597.6,305.43,Month-to-month,DSL,Mailed check,17
6559-RAKOZ,0.26,1175.4,303.65,One year,Fiber optic,Electronic check,49
6402-EJMWF,0.46,663.6,303.46,Month-to-month,DSL,Mailed check,4
8445-DNBAE,0.51,600.6,303.39,Month-to-month,DSL,Electronic check,1
4226-KKDON,0.37,799.8,298.98,Month-to-month,DSL,Electronic check,8
6048-QBXKL,0.44,678.6,298.92,Month-to-month,DSL,Credit card (automatic),2
0959-WHOKV,0.25,1188.0,298.44,One year,Fiber optic,Electronic check,42
4067-HLYQI,0.35,844.8,297.9,Month-to-month,Fiber optic,Bank transfer (automatic),33
3923-CSIHK,0.35,852.6,296.22,Month-to-month,Fiber optic,Electronic check,50
8623-ULFNQ,0.37,792.6,295.96,Month-to-month,DSL,Electronic check,26
4016-BJKTZ,0.23,1306.8,295.31,Two year,Fiber optic,Electronic check,25
2924-KHUVI,0.24,1206.6,293.87,One year,Fiber optic,Electronic check,56
6227-HWPWX,0.35,828.0,293.32,Month-to-month,Fiber optic,Bank transfer (automatic),15
0979-PHULV,0.25,1193.4,292.84,Month-to-month,Fiber optic,Credit card (automatic),69
9254-RBFON,0.25,1183.2,292.49,One year,Fiber optic,Bank transfer (automatic),17
4937-QPZPO,0.24,1198.8,292.08,One year,Fiber optic,Electronic check,61
6608-QQLVK,0.48,606.0,291.16,Month-to-month,DSL,Electronic check,1
0471-ARVMX,0.23,1258.2,289.95,One year,Fiber optic,Electronic check,62
6815-ABQFQ,0.22,1287.0,289.42,One year,Fiber optic,Electronic check,56
6284-KMNUF,0.24,1176.0,287.98,One year,Fiber optic,Electronic check,56
2279-AXJJK,0.25,1147.8,286.54,Month-to-month,Fiber optic,Credit card (automatic),52
2522-AHJXR,0.22,1313.4,285.18,Month-to-month,Fiber optic,Bank transfer (automatic),60
3891-PUQOD,0.4,710.4,284.13,Month-to-month,DSL,Electronic check,1
6769-DYBQN,0.28,1020.0,282.8,Month-to-month,Fiber optic,Electronic check,46
6704-UTUKK,0.51,550.8,282.63,Month-to-month,DSL,Electronic check,29
2190-BCXEC,0.3,946.2,282.53,Month-to-month,Fiber optic,Credit card (automatic),40
0841-NULXI,0.66,426.6,282.49,Month-to-month,DSL,Electronic check,1
6338-AVWCY,0.58,481.8,280.64,Month-to-month,DSL,Mailed check,3
7129-ACFOG,0.43,645.6,278.51,Month-to-month,DSL,Electronic check,5
8728-SKJLR,0.31,891.0,278.29,Month-to-month,Fiber optic,Electronic check,41
3334-CTHOL,0.46,599.4,277.56,Month-to-month,DSL,Bank transfer (automatic),1
2480-EJWYP,0.24,1173.6,277.53,One year,Fiber optic,Bank transfer (automatic),58
5804-HYIEZ,0.22,1272.6,277.27,Month-to-month,Fiber optic,Electronic check,70
5136-GFPMB,0.26,1072.8,276.12,Month-to-month,Fiber optic,Credit card (automatic),54
2485-ITVKB,0.65,421.2,275.88,Month-to-month,DSL,Electronic check,2
8601-QACRS,0.45,607.2,275.67,Month-to-month,DSL,Mailed check,5
5949-HGVJL,0.31,876.6,274.58,Month-to-month,DSL,Electronic check,26
2293-IJWPS,0.23,1209.0,274.24,One year,Fiber optic,Credit card (automatic),57
3466-WAESX,0.33,829.2,274.02,Month-to-month,DSL,Electronic check,16
6128-AQBMT,0.42,647.4,273.68,Month-to-month,DSL,Electronic check,41
2257-BOVXD,0.34,799.2,273.48,Month-to-month,DSL,Credit card (automatic),14
1360-JYXKQ,0.23,1189.2,273.35,One year,Fiber optic,Electronic check,54
1470-PSXNM,0.24,1123.8,272.33,One year,Fiber optic,Electronic check,49
0058-EVZWM,0.25,1077.6,271.98,Month-to-month,Fiber optic,Bank transfer (automatic),55
4317-VTEOA,0.45,609.0,271.83,Month-to-month,DSL,Electronic check,1
7881-EVUAD,0.53,511.2,271.56,Month-to-month,DSL,Electronic check,2
1465-LNTLJ,0.35,772.8,270.79,Month-to-month,DSL,Credit card (automatic),8
7398-LXGYX,0.26,1017.6,268.49,Month-to-month,Fiber optic,Credit card (automatic),44
0430-IHCDJ,0.45,588.0,266.33,Month-to-month,DSL,Electronic check,15
0516-OOHAR,0.22,1204.2,264.78,One year,Fiber optic,Bank transfer (automatic),28
2669-QVCRG,0.27,975.6,264.48,Month-to-month,Fiber optic,Credit card (automatic),41
9544-PYPSJ,0.23,1153.2,264.23,Month-to-month,Fiber optic,Credit card (automatic),62
9767-FFLEM,0.31,834.0,262.36,Month-to-month,Fiber optic,Credit card (automatic),38
3756-VNWDH,0.22,1209.0,261.18,One year,Fiber optic,Electronic check,65
7124-UGSUR,0.21,1252.8,260.98,One year,Fiber optic,Credit card (automatic),61
9752-ZNQUT,0.45,583.2,260.64,Month-to-month,DSL,Electronic check,1
0013-MHZWF,0.31,832.8,260.14,Month-to-month,DSL,Credit card (automatic),9
0096-BXERS,0.43,604.2,260.09,Month-to-month,DSL,Electronic check,6
7851-FLGGQ,0.48,535.8,258.7,Month-to-month,DSL,Mailed check,1
7251-XFOIL,0.24,1070.4,254.64,Month-to-month,Fiber optic,Mailed check,61
3858-XHYJO,0.2,1269.0,254.51,One year,Fiber optic,Bank transfer (automatic),40
6733-LRIZX,0.19,1307.4,253.09,Two year,Fiber optic,Electronic check,35
1310-QRITU,0.42,603.6,252.85,Month-to-month,DSL,Electronic check,18
2995-UPRYS,0.21,1190.4,252.73,One year,Fiber optic,Credit card (automatic),40
1074-AMIOH,0.19,1299.0,250.79,Month-to-month,Fiber optic,Bank transfer (automatic),53
6473-ULUHT,0.25,1018.8,250.52,Month-to-month,DSL,Electronic check,16
1205-WNWPJ,0.35,714.0,249.21,Month-to-month,DSL,Mailed check,7
8280-MQRQN,0.41,605.4,245.88,Month-to-month,DSL,Mailed check,1
7587-RZNME,0.47,519.6,244.92,Month-to-month,DSL,Electronic check,3
9700-ISPUP,0.31,786.0,242.62,Month-to-month,DSL,Electronic check,10
4678-DVQEO,0.39,626.4,242.18,Month-to-month,DSL,Electronic check,1
2277-VWCNI,0.41,585.0,241.62,Month-to-month,DSL,Mailed check,4
8166-ORCHU,0.21,1122.6,241.04,One year,Fiber optic,Electronic check,33
5136-RGMZO,0.28,852.6,240.69,Month-to-month,DSL,Electronic check,31
6270-OMFIW,0.21,1132.8,238.86,One year,Fiber optic,Electronic check,60
1541-ETJZO,0.32,744.6,238.62,Month-to-month,DSL,Mailed check,1
1536-HBSWP,0.39,598.8,235.58,Month-to-month,DSL,Electronic check,1
0365-TRTPY,0.21,1094.4,231.81,Month-to-month,Fiber optic,Bank transfer (automatic),37
4706-DGAHW,0.43,542.4,231.41,Month-to-month,DSL,Electronic check,1
8080-DDEMJ,0.43,541.2,231.07,Month-to-month,DSL,Electronic check,1
3658-KIBGF,0.35,658.8,230.26,Month-to-month,DSL,Electronic check,1
7669-LCRSD,0.34,675.6,230.15,Month-to-month,DSL,Mailed check,12
6777-TGHTM,0.18,1283.4,229.95,One year,Fiber optic,Credit card (automatic),53
4377-VDHYI,0.21,1089.6,228.25,One year,Fiber optic,Electronic check,32
4237-RLAQD,0.41,550.2,226.25,Month-to-month,DSL,Mailed check,1
5133-POWUA,0.41,549.6,226.08,Month-to-month,DSL,Mailed check,1
3173-NVMPX,0.34,663.6,225.78,Month-to-month,DSL,Mailed check,9
3677-IYRBF,0.62,364.8,225.2,Month-to-month,DSL,Electronic check,2
6854-EXGSF,0.29,786.0,225.18,Month-to-month,DSL,Bank transfer (automatic),8
9992-UJOEL,0.37,603.6,224.99,Month-to-month,DSL,Mailed check,2
0913-XWSCN,0.22,1026.0,223.91,Month-to-month,Fiber optic,Bank transfer (automatic),55
5438-QMDDL,0.31,717.6,223.18,Month-to-month,DSL,Mailed check,19
7876-BEUTG,0.38,585.6,222.65,Month-to-month,DSL,Mailed check,15
2750-BJLSB,0.18,1244.4,221.93,One year,Fiber optic,Electronic check,47
5692-FPTAH,0.41,544.8,221.55,Month-to-month,DSL,Mailed check,1
7663-RGWBC,0.42,529.8,220.57,Month-to-month,DSL,Mailed check,1
7426-WEIJX,0.23,971.4,219.47,Month-to-month,Fiber optic,Electronic check,60
6304-IJFSQ,0.37,598.8,219.34,Month-to-month,DSL,Mailed check,3
5198-EFNBM,0.2,1087.8,219.19,One year,Fiber optic,Electronic check,57
4570-QHXHL,0.42,525.0,218.23,Month-to-month,DSL,Electronic check,9
9089-UOWJG,0.31,700.2,217.75,Month-to-month,DSL,Credit card (automatic),12
4672-FOTSD,0.27,807.0,217.34,Month-to-month,DSL,Electronic check,12
6890-PFRQX,0.26,834.0,216.34,Month-to-month,DSL,Mailed check,18
1110-KYLGQ,0.17,1299.0,215.93,Month-to-month,Fiber optic,Credit card (automatic),63
2309-OSFEU,0.53,406.8,215.76,Month-to-month,DSL,Mailed check,10
0015-UOCOJ,0.37,578.4,215.7,Month-to-month,DSL,Electronic check,7
7055-HNEOJ,0.32,669.6,215.54,Month-to-month,DSL,Mailed check,3
5186-EJEGL,0.26,834.0,214.97,Month-to-month,DSL,Mailed check,9
5402-HTOTQ,0.32,663.6,214.85,Month-to-month,DSL,Electronic check,16
2720-FVBQP,0.36,587.4,213.85,Month-to-month,DSL,Credit card (automatic),6
3780-DDGSE,0.23,912.6,213.57,Month-to-month,DSL,Electronic check,35
1471-GIQKQ,0.36,599.4,213.33,Month-to-month,DSL,Electronic check,1
2758-RNWXS,0.2,1070.4,212.65,One year,Fiber optic,Electronic check,35
4223-WOZCM,0.35,599.4,211.77,Month-to-month,DSL,Mailed check,2
9139-WQQDY,0.18,1205.4,211.47,One year,Fiber optic,Mailed check,49
7957-RYHQD,0.22,950.4,211.38,Month-to-month,Fiber optic,Credit card (automatic),40
4690-LLKUA,0.39,540.6,210.13,Month-to-month,DSL,Electronic check,17
0322-CHQRU,0.38,544.2,209.21,Month-to-month,DSL,Electronic check,2
1942-OQFRW,0.4,528.0,209.19,Month-to-month,DSL,Electronic check,1
6383-ZTSIW,0.18,1189.2,208.69,One year,Fiber optic,Mailed check,39
4640-UHDOS,0.31,671.4,208.42,Month-to-month,DSL,Electronic check,13
1707-HABPF,0.19,1095.6,208.18,One year,Fiber optic,Bank transfer (automatic),46
0778-NELLA,0.5,416.4,208.03,Month-to-month,DSL,Credit card (automatic),9
9481-SFCQY,0.29,717.6,207.67,Month-to-month,DSL,Credit card (automatic),14
4905-JEFDW,0.41,499.2,205.5,One year,DSL,Electronic check,11
4753-PADAS,0.16,1268.4,205.35,One year,Fiber optic,Bank transfer (automatic),67
9909-DFRJA,0.18,1150.2,205.17,One year,Fiber optic,Bank transfer (automatic),26
8650-RHRKE,0.58,355.8,204.9,Month-to-month,DSL,Electronic check,4
0048-LUMLS,0.19,1094.4,203.39,One year,Fiber optic,Credit card (automatic),37
6583-SZVGP,0.16,1297.2,202.52,Two year,Fiber optic,Bank transfer (automatic),48
9732-KPKBW,0.31,647.4,202.28,Month-to-month,DSL,Electronic check,1
8970-ANWXO,0.23,885.0,201.71,One year,DSL,Mailed check,23
9033-EOXWV,0.23,888.6,201.31,One year,DSL,Mailed check,12
7750-EYXWZ,0.28,727.8,201.24,One year,DSL,Electronic check,12
5469-CTCWN,0.16,1272.0,201.09,One year,Fiber optic,Electronic check,61
4695-VADHF,0.29,689.4,199.97,Month-to-month,DSL,Electronic check,18
9381-NDKME,0.41,487.8,199.43,Month-to-month,DSL,Credit card (automatic),24
2252-JHJGE,0.16,1248.0,199.11,One year,Fiber optic,Electronic check,61
9138-EFSMO,0.21,947.4,198.93,One year,Fiber optic,Bank transfer (automatic),26
0701-TJSEF,0.24,819.0,197.85,Month-to-month,DSL,Bank transfer (automatic),9
0823-HSCDJ,0.33,589.8,196.86,Month-to-month,DSL,Electronic check,52
6366-XIVKZ,0.26,757.8,193.32,Month-to-month,DSL,Mailed check,13
9103-TCIHJ,0.29,668.4,192.63,Month-to-month,DSL,Mailed check,15
6421-SZVEM,0.19,994.2,192.01,One year,Fiber optic,Bank transfer (automatic),28
7733-UDMTP,0.29,660.0,192.01,Month-to-month,DSL,Electronic check,57
2195-VVRJF,0.27,709.2,191.98,Month-to-month,DSL,Credit card (automatic),18
9972-VAFJJ,0.17,1128.0,191.12,One year,Fiber optic,Electronic check,53
4208-UFFGW,0.35,539.4,190.76,Month-to-month,DSL,Mailed check,2
7134-MJPDY,0.15,1234.2,190.27,One year,Fiber optic,Credit card (automatic),66
5759-RCVCB,0.45,422.4,190.19,Month-to-month,DSL,Credit card (automatic),3
3313-QKNKB,0.19,1026.6,190.17,One year,Fiber optic,Electronic check,59
9844-FELAJ,0.15,1294.8,189.97,One year,Fiber optic,Electronic check,70
6257-RJOHI,0.31,609.6,189.56,Month-to-month,DSL,Mailed check,4
3339-EAQNV,0.16,1167.0,189.34,One year,Fiber optic,Credit card (automatic),72
1768-ZAIFU,0.63,302.4,189.29,Month-to-month,DSL,Electronic check,1
5140-FOMCQ,0.14,1309.8,185.91,One year,Fiber optic,Credit card (automatic),59
0719-SYFRB,0.25,739.8,185.19,Month-to-month,DSL,Mailed check,12
8985-OOPOS,0.21,889.2,184.06,One year,DSL,Credit card (automatic),1
4945-RVMTE,0.25,714.6,181.97,Month-to-month,DSL,Bank transfer (automatic),28
3179-GBRWV,0.23,779.4,181.58,Month-to-month,DSL,Bank transfer (automatic),21
9572-WUKSB,0.5,358.8,180.94,Month-to-month,DSL,Electronic check,3
4184-VODJZ,0.16,1096.2,179.77,One year,Fiber optic,Electronic check,63
1261-FWTTE,0.43,415.8,179.64,Month-to-month,DSL,Bank transfer (automatic),23
7629-WIXZF,0.25,709.2,179.58,One year,DSL,Electronic check,7
1024-GUALD,0.6,297.6,178.07,Month-to-month,DSL,Electronic check,1
2659-VXMWZ,0.13,1335.6,177.79,One year,Fiber optic,Electronic check,67
7054-LGEQW,0.32,551.4,177.15,Month-to-month,DSL,Mailed check,1
8450-JOVAH,0.26,680.4,176.87,Month-to-month,DSL,Mailed check,2
5630-AHZIL,0.23,774.0,176.25,Month-to-month,DSL,Bank transfer (automatic),3
4003-FUSHP,0.24,738.6,176.01,Month-to-month,DSL,Credit card (automatic),19
5473-KHBPS,0.15,1148.4,175.66,One year,Fiber optic,Credit card (automatic),52
4402-FTBXC,0.16,1077.6,175.47,Month-to-month,Fiber optic,Mailed check,54
7579-OOPEC,0.29,601.8,174.95,Month-to-month,DSL,Credit card (automatic),2
8757-TFHHJ,0.29,597.6,174.75,Month-to-month,DSL,Credit card (automatic),1
7410-KTVFV,0.29,594.6,174.33,Month-to-month,DSL,Mailed check,18
2672-OJQZP,0.32,537.0,174.27,Month-to-month,DSL,Mailed check,1
2480-SQIOB,0.32,537.6,173.12,Month-to-month,DSL,Electronic check,4
4075-JFPGR,0.15,1122.0,171.64,One year,Fiber optic,Electronic check,51
8805-JNRAZ,0.29,590.4,171.33,Month-to-month,DSL,Mailed check,2
2001-MCUUW,0.13,1303.8,171.22,Two year,Fiber optic,Electronic check,46
9661-MHUMO,0.29,591.0,170.97,Month-to-month,DSL,Credit card (automatic),1
8158-WPEZG,0.4,427.8,170.81,Month-to-month,DSL,Electronic check,11
7623-TRNQN,0.28,598.8,170.49,Month-to-month,DSL,Mailed check,1
8433-WPJTV,0.14,1246.8,168.79,One year,Fiber optic,Bank transfer (automatic),65
7250-EQKIY,0.28,605.4,167.81,Month-to-month,DSL,Mailed check,1
1575-KRZZE,0.25,662.4,167.15,Month-to-month,DSL,Electronic check,4
0895-LMRSF,0.21,778.8,166.9,One year,DSL,Bank transfer (automatic),23
